Material,Dose_Gray,DamageIndex
Diamond,5.464100071104918e-11,7.004196203674701e-08
GaN,2.1964533518281254e-11,1.0617856065699451e-07
Scintillating_Fibre,1.0859140011389194e-10,1.1882566072009216e-07
Silicon,6.844775324385345e-11,9.852277410531108e-08
